Day;Total Reports;Avg Quality Score;Unsafe Detection (%);Avg Risk Score;Day Name;Is Weekend
Monday;1454;1.8101788170563962;13.548830811554332;1.0825309491059147;Monday;False
Tuesday;849;2.558303886925795;28.504122497055363;1.2567726737338045;Tuesday;False
Wednesday;673;2.5824665676077267;30.60921248142645;1.4799405646359585;Wednesday;False
Thursday;719;2.556328233657858;30.319888734353267;1.4993045897079276;Thursday;False
Friday;854;2.262295081967213;24.473067915690866;1.3360655737704918;Friday;False
Saturday;368;2.5027173913043477;28.26086956521739;1.4918478260869565;Saturday;True
Sunday;658;1.851063829787234;9.270516717325227;1.0379939209726443;Sunday;True
